{"saved_at": "2026-03-08T22:47:42.923587", "data": {"360ONE": {"avg_vol": 710595.3, "avg_price": 1114.5500061035157}, "ABB": {"avg_vol": 486228.4, "avg_price": 5917.975}, "ABCAPITAL": {"avg_vol": 11174524.55, "avg_price": 343.75999908447267}, "ADANIENSOL": {"avg_vol": 1257705.45, "avg_price": 1009.4399963378906}, "ADANIENT": {"avg_vol": 1327479.75, "avg_price": 2177.8999938964844}, "ADANIGREEN": {"avg_vol": 2270773.05, "avg_price": 958.8099975585938}, "ADANIPORTS": {"avg_vol": 2168680.85, "avg_price": 1527.9100036621094}, "ALKEM": {"avg_vol": 132664.2, "avg_price": 5562.233544921875}, "AMBER": {"avg_vol": 365536.6, "avg_price": 7707.625}, "AMBUJACEM": {"avg_vol": 1607122.65, "avg_price": 513.245002746582}, "ANGELONE": {"avg_vol": 7631206.05, "avg_price": 251.37049865722656}, "APLAPOLLO": {"avg_vol": 787296.75, "avg_price": 2214.1}, "APOLLOHOSP": {"avg_vol": 481079.8, "avg_price": 7596.871826171875}, "ASHOKLEY": {"avg_vol": 17147620.1, "avg_price": 206.81699981689454}, "ASIANPAINT": {"avg_vol": 1125717.65, "avg_price": 2383.35}, "ASTRAL": {"avg_vol": 745711.45, "avg_price": 1622.9199829101562}, "AUBANK": {"avg_vol": 3778769.9, "avg_price": 989.3124969482421}, "AUROPHARMA": {"avg_vol": 2123789.45, "avg_price": 1183.0399963378907}, "AXISBANK": {"avg_vol": 5583213.85, "avg_price": 1361.0950073242188}, "BAJAJ-AUTO": {"avg_vol": 260196.65, "avg_price": 9817.75}, "BAJAJFINSV": {"avg_vol": 958542.0, "avg_price": 2010.1200134277344}, "BAJAJHLDNG": {"avg_vol": 58020.6, "avg_price": 11033.65}, "BAJFINANCE": {"avg_vol": 7567013.1, "avg_price": 997.0799987792968}, "BANDHANBNK": {"avg_vol": 11205826.05, "avg_price": 173.4125}, "BANKBARODA": {"avg_vol": 10441421.75, "avg_price": 302.67500457763674}, "BANKINDIA": {"avg_vol": 10233143.85, "avg_price": 169.04900131225585}, "BDL": {"avg_vol": 1492598.5, "avg_price": 1276.719989013672}, "BEL": {"avg_vol": 16994583.7, "avg_price": 441.58978271484375}, "BHARATFORG": {"avg_vol": 2062552.85, "avg_price": 1781.7808166503905}, "BHARTIARTL": {"avg_vol": 8570404.95, "avg_price": 1968.710009765625}, "BHEL": {"avg_vol": 18278665.65, "avg_price": 261.5200004577637}, "BIOCON": {"avg_vol": 3209029.0, "avg_price": 382.3300033569336}, "BLUESTARCO": {"avg_vol": 488800.25, "avg_price": 1952.1249938964843}, "BOSCHLTD": {"avg_vol": 21544.5, "avg_price": 35440.75}, "BPCL": {"avg_vol": 6864197.3, "avg_price": 375.39250030517576}, "BRITANNIA": {"avg_vol": 280913.45, "avg_price": 6037.025}, "BSE": {"avg_vol": 5479957.55, "avg_price": 2839.7150146484373}, "CAMS": {"avg_vol": 1221614.45, "avg_price": 707.9874969482422}, "CANBK": {"avg_vol": 25796495.25, "avg_price": 150.41199798583983}, "CDSL": {"avg_vol": 1639479.95, "avg_price": 1317.705010986328}, "CGPOWER": {"avg_vol": 2487252.75, "avg_price": 700.9874969482422}, "CHOLAFIN": {"avg_vol": 1578901.2, "avg_price": 1711.1899963378905}, "CIPLA": {"avg_vol": 1516168.85, "avg_price": 1338.2049926757813}, "COALINDIA": {"avg_vol": 8717573.3, "avg_price": 425.7629623413086}, "COFORGE": {"avg_vol": 4185896.5, "avg_price": 1327.2150085449218}, "COLPAL": {"avg_vol": 322305.4, "avg_price": 2190.0599853515623}, "CONCOR": {"avg_vol": 1090364.35, "avg_price": 499.38999938964844}, "CROMPTON": {"avg_vol": 3026067.25, "avg_price": 261.15349807739256}, "CUMMINSIND": {"avg_vol": 681703.65, "avg_price": 4657.779125976563}, "DABUR": {"avg_vol": 1510025.6, "avg_price": 510.2625}, "DALBHARAT": {"avg_vol": 190895.15, "avg_price": 2074.414990234375}, "DELHIVERY": {"avg_vol": 2004065.95, "avg_price": 430.5400024414063}, "DIVISLAB": {"avg_vol": 378601.15, "avg_price": 6275.125}, "DIXON": {"avg_vol": 563538.8, "avg_price": 10978.1}, "DLF": {"avg_vol": 3725945.95, "avg_price": 625.8899993896484}, "DMART": {"avg_vol": 323804.8, "avg_price": 3883.0149780273437}, "DRREDDY": {"avg_vol": 1419871.0, "avg_price": 1285.2900146484376}, "EICHERMOT": {"avg_vol": 584267.1, "avg_price": 7817.025}, "ETERNAL": {"avg_vol": 47926974.0, "avg_price": 268.4030014038086}, "EXIDEIND": {"avg_vol": 1285274.75, "avg_price": 333.96500091552736}, "FEDERALBNK": {"avg_vol": 6881039.95, "avg_price": 290.9550018310547}, "FORTIS": {"avg_vol": 1592488.55, "avg_price": 915.0825012207031}, "GAIL": {"avg_vol": 13711225.15, "avg_price": 164.49450225830077}, "GLENMARK": {"avg_vol": 436421.25, "avg_price": 2045.6999877929688}, "GMRAIRPORT": {"avg_vol": 14015157.75, "avg_price": 98.61949920654297}, "GODREJCP": {"avg_vol": 984069.2, "avg_price": 1196.9600036621093}, "GODREJPROP": {"avg_vol": 1616778.05, "avg_price": 1789.0249938964844}, "GRASIM": {"avg_vol": 679523.5, "avg_price": 2855.2299926757814}, "HAL": {"avg_vol": 1918475.75, "avg_price": 4062.6370483398437}, "HAVELLS": {"avg_vol": 546453.05, "avg_price": 1390.3299987792968}, "HCLTECH": {"avg_vol": 3735624.6, "avg_price": 1445.1099792480468}, "HDFCAMC": {"avg_vol": 702150.35, "avg_price": 2729.4800048828124}, "HDFCBANK": {"avg_vol": 29139694.5, "avg_price": 908.8449951171875}, "HDFCLIFE": {"avg_vol": 3106949.65, "avg_price": 711.1774993896485}, "HEROMOTOCO": {"avg_vol": 497748.2, "avg_price": 5594.997143554688}, "HINDALCO": {"avg_vol": 6171637.75, "avg_price": 933.5650054931641}, "HINDPETRO": {"avg_vol": 4507107.05, "avg_price": 441.7625}, "HINDUNILVR": {"avg_vol": 1769538.95, "avg_price": 2345.1050048828124}, "HINDZINC": {"avg_vol": 6562612.6, "avg_price": 602.3499908447266}, "HUDCO": {"avg_vol": 4843154.4, "avg_price": 190.67350006103516}, "ICICIBANK": {"avg_vol": 14341630.45, "avg_price": 1392.4550048828125}, "ICICIGI": {"avg_vol": 516640.8, "avg_price": 1913.0249938964844}, "ICICIPRULI": {"avg_vol": 1112486.9, "avg_price": 646.8674987792969}, "IDEA": {"avg_vol": 438858381.55, "avg_price": 11.014500045776368}, "IDFCFIRSTB": {"avg_vol": 80294123.9, "avg_price": 77.84950065612793}, "IEX": {"avg_vol": 6611458.7, "avg_price": 124.58999977111816}, "INDHOTEL": {"avg_vol": 2327714.55, "avg_price": 676.7674987792968}, "INDIANB": {"avg_vol": 1929848.2, "avg_price": 934.6850006103516}, "INDIGO": {"avg_vol": 1043758.75, "avg_price": 4828.919970703125}, "INDUSINDBK": {"avg_vol": 3505524.85, "avg_price": 932.0774963378906}, "INDUSTOWER": {"avg_vol": 5590118.2, "avg_price": 462.5875}, "INFY": {"avg_vol": 16700705.85, "avg_price": 1363.8049926757812}, "INOXWIND": {"avg_vol": 12094150.85, "avg_price": 98.31049957275391}, "IOC": {"avg_vol": 19120430.55, "avg_price": 177.3470001220703}, "IREDA": {"avg_vol": 8094861.8, "avg_price": 124.21399955749511}, "IRFC": {"avg_vol": 17874756.95, "avg_price": 108.75849952697754}, "ITC": {"avg_vol": 20852941.7, "avg_price": 319.8450012207031}, "JINDALSTEL": {"avg_vol": 1110405.05, "avg_price": 1210.7550048828125}, "JIOFIN": {"avg_vol": 10872975.25, "avg_price": 258.49000015258787}, "JSWENERGY": {"avg_vol": 1947544.3, "avg_price": 484.06250152587893}, "JSWSTEEL": {"avg_vol": 1255877.95, "avg_price": 1246.9999877929688}, "JUBLFOOD": {"avg_vol": 2385927.15, "avg_price": 526.0625015258789}, "KALYANKJIL": {"avg_vol": 9021231.1, "avg_price": 411.2049987792969}, "KAYNES": {"avg_vol": 1834574.1, "avg_price": 3891.345007324219}, "KEI": {"avg_vol": 355191.9, "avg_price": 4750.294995117188}, "KFINTECH": {"avg_vol": 968049.4, "avg_price": 983.8375030517578}, "KOTAKBANK": {"avg_vol": 14195567.05, "avg_price": 420.88500061035154}, "KPITTECH": {"avg_vol": 2080211.2, "avg_price": 837.2925018310547}, "LAURUSLABS": {"avg_vol": 1384625.3, "avg_price": 1025.3449951171874}, "LICHSGFIN": {"avg_vol": 1447400.6, "avg_price": 523.8774963378906}, "LICI": {"avg_vol": 1820020.65, "avg_price": 867.6375}, "LODHA": {"avg_vol": 1267393.8, "avg_price": 1037.7800079345702}, "LT": {"avg_vol": 2752401.1, "avg_price": 4191.379992675781}, "LTF": {"avg_vol": 9669118.25, "avg_price": 290.23499755859376}, "LTM": {"avg_vol": 323105.5, "avg_price": 4592.716634114583}, "LUPIN": {"avg_vol": 887622.95, "avg_price": 2251.974987792969}, "M&M": {"avg_vol": 2365210.5, "avg_price": 3478.5750122070312}, "MANAPPURAM": {"avg_vol": 5387197.85, "avg_price": 296.3199981689453}, "MANKIND": {"avg_vol": 490738.8,