{"saved_at": "2026-03-16T12:20:51.458026+05:30", "data": {"360ONE": {"avg_vol": 730677.5, "avg_price": 1084.8849975585938}, "ABB": {"avg_vol": 595776.9, "avg_price": 6047.125}, "ABCAPITAL": {"avg_vol": 10571533.55, "avg_price": 335.8299987792969}, "ADANIENSOL": {"avg_vol": 1327910.15, "avg_price": 1002.0874938964844}, "ADANIENT": {"avg_vol": 1352619.2, "avg_price": 2108.4999877929686}, "ADANIGREEN": {"avg_vol": 2879091.75, "avg_price": 922.625}, "ADANIPORTS": {"avg_vol": 2375808.8, "avg_price": 1482.9150146484376}, "ALKEM": {"avg_vol": 108282.75, "avg_price": 5490.017041015625}, "AMBER": {"avg_vol": 296414.55, "avg_price": 7585.425}, "AMBUJACEM": {"avg_vol": 2326612.45, "avg_price": 486.7175033569336}, "ANGELONE": {"avg_vol": 7992373.85, "avg_price": 234.69350051879883}, "APLAPOLLO": {"avg_vol": 678743.45, "avg_price": 2142.845001220703}, "APOLLOHOSP": {"avg_vol": 405617.65, "avg_price": 7684.3}, "ASHOKLEY": {"avg_vol": 17356346.95, "avg_price": 199.1859992980957}, "ASIANPAINT": {"avg_vol": 1079092.3, "avg_price": 2331.5900024414063}, "ASTRAL": {"avg_vol": 785971.35, "avg_price": 1655.7799987792969}, "AUBANK": {"avg_vol": 3815824.85, "avg_price": 962.7674987792968}, "AUROPHARMA": {"avg_vol": 1835721.75, "avg_price": 1220.835009765625}, "AXISBANK": {"avg_vol": 6350456.4, "avg_price": 1332.780010986328}, "BAJAJ-AUTO": {"avg_vol": 300685.35, "avg_price": 9663.2}, "BAJAJFINSV": {"avg_vol": 1072136.3, "avg_price": 1940.2150268554688}, "BAJAJHLDNG": {"avg_vol": 63803.4, "avg_price": 10696.4}, "BAJFINANCE": {"avg_vol": 7257074.9, "avg_price": 968.692495727539}, "BANDHANBNK": {"avg_vol": 9566981.5, "avg_price": 176.57399978637696}, "BANKBARODA": {"avg_vol": 10690901.6, "avg_price": 301.55749969482423}, "BANKINDIA": {"avg_vol": 9864499.25, "avg_price": 165.07850036621093}, "BDL": {"avg_vol": 1596961.6, "avg_price": 1294.1349975585938}, "BEL": {"avg_vol": 18349748.65, "avg_price": 445.72037811279296}, "BHARATFORG": {"avg_vol": 1644261.85, "avg_price": 1818.9413635253907}, "BHARTIARTL": {"avg_vol": 8917293.7, "avg_price": 1908.9700134277343}, "BHEL": {"avg_vol": 11039298.0, "avg_price": 259.2724998474121}, "BIOCON": {"avg_vol": 2977068.45, "avg_price": 386.75500335693357}, "BLUESTARCO": {"avg_vol": 479706.4, "avg_price": 1931.814990234375}, "BOSCHLTD": {"avg_vol": 21515.0, "avg_price": 33980.0}, "BPCL": {"avg_vol": 9923346.15, "avg_price": 356.96749725341795}, "BRITANNIA": {"avg_vol": 308392.4, "avg_price": 6008.3}, "BSE": {"avg_vol": 4565544.9, "avg_price": 2768.015002441406}, "CAMS": {"avg_vol": 1503575.0, "avg_price": 684.7074951171875}, "CANBK": {"avg_vol": 25094756.8, "avg_price": 148.16399841308595}, "CDSL": {"avg_vol": 1652573.55, "avg_price": 1268.9900146484374}, "CGPOWER": {"avg_vol": 2834759.65, "avg_price": 710.5025024414062}, "CHOLAFIN": {"avg_vol": 1668812.2, "avg_price": 1658.0299987792969}, "CIPLA": {"avg_vol": 1475077.55, "avg_price": 1333.4299926757812}, "COALINDIA": {"avg_vol": 11484241.85, "avg_price": 436.34437866210936}, "COFORGE": {"avg_vol": 3642376.0, "avg_price": 1214.429998779297}, "COLPAL": {"avg_vol": 449358.5, "avg_price": 2158.8050048828127}, "CONCOR": {"avg_vol": 1321399.05, "avg_price": 486.1875}, "CROMPTON": {"avg_vol": 2171766.9, "avg_price": 256.24249801635744}, "CUMMINSIND": {"avg_vol": 740992.6, "avg_price": 4739.944921875}, "DABUR": {"avg_vol": 1524383.65, "avg_price": 494.75000152587893}, "DALBHARAT": {"avg_vol": 229760.6, "avg_price": 1979.6549987792969}, "DELHIVERY": {"avg_vol": 1549468.15, "avg_price": 424.68750457763673}, "DIVISLAB": {"avg_vol": 262368.75, "avg_price": 6291.875}, "DIXON": {"avg_vol": 728879.65, "avg_price": 10626.25}, "DLF": {"avg_vol": 4089582.25, "avg_price": 596.2024993896484}, "DMART": {"avg_vol": 398057.6, "avg_price": 3868.765002441406}, "DRREDDY": {"avg_vol": 1562579.35, "avg_price": 1296.4800170898438}, "EICHERMOT": {"avg_vol": 528771.0, "avg_price": 7670.225}, "ETERNAL": {"avg_vol": 48855592.6, "avg_price": 247.01950073242188}, "EXIDEIND": {"avg_vol": 1290279.55, "avg_price": 324.41000213623045}, "FEDERALBNK": {"avg_vol": 7318189.15, "avg_price": 285.4125030517578}, "FORTIS": {"avg_vol": 1446177.35, "avg_price": 902.6700042724609}, "GAIL": {"avg_vol": 14884409.15, "avg_price": 160.13900146484374}, "GLENMARK": {"avg_vol": 522741.9, "avg_price": 2110.62998046875}, "GMRAIRPORT": {"avg_vol": 14566230.35, "avg_price": 97.31199913024902}, "GODREJCP": {"avg_vol": 1292791.95, "avg_price": 1157.5550109863282}, "GODREJPROP": {"avg_vol": 1409323.3, "avg_price": 1735.7699951171876}, "GRASIM": {"avg_vol": 822134.5, "avg_price": 2783.8550048828124}, "HAL": {"avg_vol": 1760855.75, "avg_price": 4021.898876953125}, "HAVELLS": {"avg_vol": 697514.2, "avg_price": 1376.1199951171875}, "HCLTECH": {"avg_vol": 3129952.55, "avg_price": 1385.794989013672}, "HDFCAMC": {"avg_vol": 811802.75, "avg_price": 2622.3650024414064}, "HDFCBANK": {"avg_vol": 31855701.0, "avg_price": 881.0324981689453}, "HDFCLIFE": {"avg_vol": 2966107.65, "avg_price": 693.1274993896484}, "HEROMOTOCO": {"avg_vol": 436224.5, "avg_price": 5527.95}, "HINDALCO": {"avg_vol": 6347782.1, "avg_price": 931.7224975585938}, "HINDPETRO": {"avg_vol": 6840771.55, "avg_price": 417.23499908447263}, "HINDUNILVR": {"avg_vol": 1615685.7, "avg_price": 2270.9900024414064}, "HINDZINC": {"avg_vol": 5746076.15, "avg_price": 588.4949920654296}, "HUDCO": {"avg_vol": 3537376.65, "avg_price": 184.62699966430665}, "ICICIBANK": {"avg_vol": 15150496.45, "avg_price": 1352.3250122070312}, "ICICIGI": {"avg_vol": 529318.95, "avg_price": 1900.3599975585937}, "ICICIPRULI": {"avg_vol": 1151839.95, "avg_price": 631.7375}, "IDEA": {"avg_vol": 402943156.35, "avg_price": 10.463000106811524}, "IDFCFIRSTB": {"avg_vol": 87857136.8, "avg_price": 72.3220006942749}, "IEX": {"avg_vol": 5424503.75, "avg_price": 123.37749977111817}, "INDHOTEL": {"avg_vol": 2623424.8, "avg_price": 652.075}, "INDIANB": {"avg_vol": 1850617.4, "avg_price": 937.3349975585937}, "INDIGO": {"avg_vol": 1555028.95, "avg_price": 4619.62001953125}, "INDUSINDBK": {"avg_vol": 3726755.05, "avg_price": 911.5}, "INDUSTOWER": {"avg_vol": 4123457.65, "avg_price": 454.79250183105466}, "INFY": {"avg_vol": 13470580.35, "avg_price": 1308.8299987792968}, "INOXWIND": {"avg_vol": 13493612.5, "avg_price": 89.98099937438965}, "IOC": {"avg_vol": 19746523.5, "avg_price": 169.55540390014647}, "IREDA": {"avg_vol": 7639256.1, "avg_price": 120.70150032043458}, "IRFC": {"avg_vol": 18349162.25, "avg_price": 103.03586692810059}, "ITC": {"avg_vol": 19174738.75, "avg_price": 315.54250183105466}, "JINDALSTEL": {"avg_vol": 1289795.0, "avg_price": 1204.4750061035156}, "JIOFIN": {"avg_vol": 12981830.85, "avg_price": 248.86249923706055}, "JSWENERGY": {"avg_vol": 3178864.6, "avg_price": 489.6600006103516}, "JSWSTEEL": {"avg_vol": 1399151.75, "avg_price": 1225.2449951171875}, "JUBLFOOD": {"avg_vol": 2187676.5, "avg_price": 503.6125030517578}, "KALYANKJIL": {"avg_vol": 3339026.75, "avg_price": 400.6}, "KAYNES": {"avg_vol": 1184491.45, "avg_price": 3799.510009765625}, "KEI": {"avg_vol": 475726.7, "avg_price": 4691.580004882812}, "KFINTECH": {"avg_vol": 879488.75, "avg_price": 959.5625}, "KOTAKBANK": {"avg_vol": 15492317.65, "avg_price": 406.5375030517578}, "KPITTECH": {"avg_vol": 1983798.95, "avg_price": 758.6500030517578}, "LAURUSLABS": {"avg_vol": 1448476.1, "avg_price": 1034.6825012207032}, "LICHSGFIN": {"avg_vol": 1440786.35, "avg_price": 518.4675003051758}, "LICI": {"avg_vol": 943282.95, "avg_price": 840.5600036621094}, "LODHA": {"avg_vol": 1123319.7, "avg_price": 975.3675048828125}, "LT": {"avg_vol": 3602604.7, "avg_price": 4054.9300048828127}, "LTF": {"avg_vol": 9254008.3, "avg_price": 282.5324981689453}, "LTM": {"avg_vol": 274025.22222222225, "avg_price": 4486.511121961806}, "LUPIN": {"avg_vol": 906309.05, "avg_price": 2289.7799682617188}, "M&M": {"avg_vol": 3064793.5, "avg_price": 3324.135009765625}, "MANAPPURAM": {"avg_vol": 5181827.75, "avg_price": 281.77749862670896}, "MANKIND": {"avg_vol": 592393.5, "avg_price": 2151.1649841308595},