{"saved_at": "2026-03-16T00:49:34.700967", "data": {"DLF": {"avg_vol": 4154824.0, "avg_price": 600.9899993896485}, "GODREJPROP": {"avg_vol": 1489001.4, "avg_price": 1747.239990234375}, "LODHA": {"avg_vol": 1178654.9, "avg_price": 987.2175048828125}, "OBEROIRLTY": {"avg_vol": 472784.65, "avg_price": 1506.5350036621094}, "PHOENIXLTD": {"avg_vol": 370785.9, "avg_price": 1668.9649963378906}, "PRESTIGE": {"avg_vol": 742781.25, "avg_price": 1403.6099975585937}}}